{"backedUpFiles":["/sdcard/FIRST/blocks/BasicMove.blk","/sdcard/FIRST/blocks/BasicMove.js","/sdcard/FIRST/blocks/lift.blk","/sdcard/FIRST/blocks/MainProgram.blk","/sdcard/FIRST/blocks/HelloWorld.blk","/sdcard/FIRST/blocks/HelloWorld.js","/sdcard/FIRST/blocks/OrginalFTCDrive.blk","/sdcard/FIRST/blocks/OrginalFTCDrive.js","/sdcard/FIRST/blocks/SingleJoystickDrive.blk","/sdcard/FIRST/blocks/SingleJoystickDrive.js","/sdcard/FIRST/blocks/TFODWebcam.blk","/sdcard/FIRST/blocks/TFODWebcam.js","/sdcard/FIRST/blocks/grabber.blk","/sdcard/FIRST/blocks/grabber.js","/sdcard/FIRST/blocks/launcer.blk","/sdcard/FIRST/blocks/launcer.js","/sdcard/FIRST/blocks/MainProgram.js","/sdcard/FIRST/blocks/Find rings.blk","/sdcard/FIRST/blocks/Find rings.js","/sdcard/FIRST/blocks/lift.js","/sdcard/FIRST/blocks/SingleJoystickDriveNew.blk","/sdcard/FIRST/blocks/SingleJoystickDriveNew.js","/sdcard/FIRST/blocks/TFODExample.blk","/sdcard/FIRST/blocks/TFODExample.js","/sdcard/FIRST/blocks/encoders.blk","/sdcard/FIRST/blocks/encoders.js","/sdcard/FIRST/java/src/org/firstinspires/ftc/teamcode/TFODWebcam.java","/sdcard/FIRST/java/src/org/firstinspires/ftc/teamcode/encoders.java","/sdcard/FIRST/java/src/org/firstinspires/ftc/teamcode/Mydeath.java","/sdcard/FIRST/Robot.xml"],"deviceName":"Control Hub 18603-RC","modifiedTimes":[{"fileName":"/sdcard/FIRST/blocks/BasicMove.blk","time":"Sun Feb 21 15:12:46 EST 2021"},{"fileName":"/sdcard/FIRST/blocks/lift.blk","time":"Sat Feb 27 16:18:42 EST 2021"},{"fileName":"/sdcard/FIRST/blocks/BasicMove.js","time":"Sat Dec 19 13:19:13 EST 2020"},{"fileName":"/sdcard/FIRST/blocks/MainProgram.blk","time":"Sat Apr 24 11:19:07 EDT 2021"},{"fileName":"/sdcard/FIRST/blocks/HelloWorld.js","time":"Sun Dec 20 16:54:16 EST 2020"},{"fileName":"/sdcard/FIRST/blocks/launcer.js","time":"Sun Jan 31 16:31:20 EST 2021"},{"fileName":"/sdcard/FIRST/blocks/launcer.blk","time":"Sun Feb 21 15:13:03 EST 2021"},{"fileName":"/sdcard/FIRST/blocks/MainProgram.js","time":"Sat Apr 24 11:19:07 EDT 2021"},{"fileName":"/sdcard/FIRST/blocks/HelloWorld.blk","time":"Sat Feb  6 22:04:00 EST 2021"},{"fileName":"/sdcard/FIRST/blocks/TFODWebcam.js","time":"Sat Apr 24 10:27:42 EDT 2021"},{"fileName":"/sdcard/FIRST/blocks/OrginalFTCDrive.blk","time":"Sun Feb 21 15:12:36 EST 2021"},{"fileName":"/sdcard/FIRST/blocks/SingleJoystickDrive.js","time":"Sat Dec 19 12:43:14 EST 2020"},{"fileName":"/sdcard/FIRST/blocks/grabber.js","time":"Tue Mar 30 12:01:48 EDT 2021"},{"fileName":"/sdcard/FIRST/blocks/SingleJoystickDrive.blk","time":"Sat Mar 20 16:05:36 EDT 2021"},{"fileName":"/sdcard/FIRST/blocks/OrginalFTCDrive.js","time":"Sat Dec 19 12:19:41 EST 2020"},{"fileName":"/sdcard/FIRST/blocks/TFODWebcam.blk","time":"Sat Apr 24 10:27:42 EDT 2021"},{"fileName":"/sdcard/FIRST/blocks/Find rings.js","time":"date: Can't stat /sdcard/FIRST/blocks/Find: No such file or directory"},{"fileName":"/sdcard/FIRST/blocks/Find rings.blk","time":"date: Can't stat /sdcard/FIRST/blocks/Find: No such file or directory"},{"fileName":"/sdcard/FIRST/blocks/SingleJoystickDriveNew.blk","time":"Wed Mar 31 13:55:40 EDT 2021"},{"fileName":"/sdcard/FIRST/blocks/lift.js","time":"Sat Feb 27 15:04:22 EST 2021"},{"fileName":"/sdcard/FIRST/blocks/SingleJoystickDriveNew.js","time":"Wed Mar 31 13:55:40 EDT 2021"},{"fileName":"/sdcard/FIRST/Robot.xml","time":"Sat Apr 24 14:35:44 EDT 2021"},{"fileName":"/sdcard/FIRST/java/src/org/firstinspires/ftc/teamcode/Mydeath.java","time":"Sun Sep  5 14:31:42 EDT 2021"},{"fileName":"/sdcard/FIRST/blocks/TFODExample.js","time":"Tue Mar 30 12:30:48 EDT 2021"},{"fileName":"/sdcard/FIRST/blocks/TFODExample.blk","time":"Tue Mar 30 12:33:03 EDT 2021"},{"fileName":"/sdcard/FIRST/java/src/org/firstinspires/ftc/teamcode/encoders.java","time":"Sun Sep  5 14:29:58 EDT 2021"},{"fileName":"/sdcard/FIRST/java/src/org/firstinspires/ftc/teamcode/TFODWebcam.java","time":"Sun Sep  5 14:21:33 EDT 2021"},{"fileName":"/sdcard/FIRST/blocks/encoders.js","time":"Sun Sep  5 15:11:40 EDT 2021"},{"fileName":"/sdcard/FIRST/blocks/grabber.blk","time":"Tue Mar 30 12:02:04 EDT 2021"},{"fileName":"/sdcard/FIRST/blocks/encoders.blk","time":"Sun Sep  5 15:11:40 EDT 2021"}]}