<?xml version='1.0' encoding='UTF-8' standalone='yes' ?>
<Robot type="FirstInspires-FTC">
    <Webcam name="Webcam 1" serialNumber="VendorProduct:vendor=0x1908|product=0x2310|connection=" />
    <LynxUsbDevice name="Control Hub Portal" serialNumber="(embedded)" parentModuleAddress="173">
        <LynxModule name="Control Hub" port="173">
            <RevRobotics20HDHexMotor name="left_drive" port="0" />
            <RevRobotics20HDHexMotor name="right_drive" port="1" />
            <RevRobotics20HDHexMotor name="left_shooter" port="2" />
            <RevRobotics20HDHexMotor name="right_shooter" port="3" />
            <Servo name="Gripper" port="0" />
            <LynxEmbeddedIMU name="imu" port="0" bus="0" />
        </LynxModule>
    </LynxUsbDevice>
    <LynxUsbDevice name="Expansion Hub Portal 1" serialNumber="DQ4W4QLV" parentModuleAddress="2">
        <LynxModule name="Expansion Hub" port="2">
            <RevRobotics20HDHexMotor name="intake" port="0" />
            <RevRoboticsCoreHexMotor name="Conveyer" port="2" />
            <RevRoboticsCoreHexMotor name="Arm" port="3" />
            <LynxEmbeddedIMU name="imu 1" port="0" bus="0" />
        </LynxModule>
    </LynxUsbDevice>
</Robot>
